{
  "project_info": {
    "project_number": "670802043242",
    "project_id": "student-portfolio-showca-40afa",
    "storage_bucket": "student-portfolio-showca-40afa.appspot.com"
  },
  "client": [
    {
      "client_info": {
        "mobilesdk_app_id": "1:670802043242:android:cd2e904f6b02cff80d4513",
        "android_client_info": {
          "package_name": "uk.ac.tees.mad.w9643793"
        }
      },
      "oauth_client": [
        {
          "client_id": "670802043242-86fvaj80qkfhk80s1n9r47bqvqkk9m6f.apps.googleusercontent.com",
          "client_type": 1,
          "android_info": {
            "package_name": "uk.ac.tees.mad.w9643793",
            "certificate_hash": "90a2587db75dc5d766476b43f2fc4b0adeddd7c2"
          }
        },
        {
          "client_id": "670802043242-m4a30uh5jt4f0dhgb7pcdkqrea6842qg.apps.googleusercontent.com",
          "client_type": 1,
          "android_info": {
            "package_name": "uk.ac.tees.mad.w9643793",
            "certificate_hash": "50142d843a625db3db251955a702b560ad8b2392"
          }
        },
        {
          "client_id": "670802043242-k6cul5hhndafi4dlbuid4h8t502lssl0.apps.googleusercontent.com",
          "client_type": 3
        }
      ],
      "api_key": [
        {
          "current_key": "AIzaSyCUc36fZ-Ftof9t-0ggFkHsiYcu0deP8AM"
        }
      ],
      "services": {
        "appinvite_service": {
          "other_platform_oauth_client": [
            {
              "client_id": "670802043242-k6cul5hhndafi4dlbuid4h8t502lssl0.apps.googleusercontent.com",
              "client_type": 3
            }
          ]
        }
      }
    }
  ],
  "configuration_version": "1"
}